score_id,run_id,task_id,protocol_id,protocol,candidate_provider,candidate_profile,candidate_model,candidate_visibility_status,judge_provider,judge_profile,evaluator,accuracy_raw,accuracy_norm,completeness_norm,helpfulness_raw,helpfulness_norm,hallucination_rate,overall_quality_score,uncapped_quality_score,overall_score_cap,cap_reasons,runtime_seconds,total_tokens,estimated_cost,message_count,communication_density,quality_cost_ratio,failure_type,notes,scorer_input_tokens,scorer_output_tokens,scorer_total_tokens,judge_estimated_cost,total_estimated_cost,benchmark_sha256,run_validity_warnings,raw_evaluation
ec-02__manager_worker__deepseek_flash-deepseek-v4-flash__run01__judge-deepseek_pro-deepseek-v4-pro,ec-02__manager_worker__deepseek_flash-deepseek-v4-flash__run01,EC-02,manager_worker,Manager-Worker,deepseek,deepseek_flash,deepseek-v4-flash,field-isolated,deepseek,deepseek_pro,deepseek-v4-pro,5,1.0,0.7222,3,0.5,0.0,0.7,0.8167,0.7,"[""Exit quiz lacks answers; quiz section missing entirely.""]",52.834,14089,0.00261464,6,1.0,4.968e-05,None,,4019,5632,9651,0.0066481,0.00926274,986dcd43c76278017729a527d4e13c3e6beaafdf74791ccc4e3a58a0c003c338,[],"{""accuracy_raw"": 5, ""cap_reasons"": [""Exit quiz lacks answers; quiz section missing entirely.""], ""completeness_norm"": 0.72, ""criterion_scores"": [{""id"": ""C1"", ""reason"": ""Learning objectives clearly specify DP, subproblems, recurrence, bottom-up table, and greedy-vs-DP distinction."", ""score"": 1}, {""id"": ""C2"", ""reason"": ""Prerequisites include arrays, loops, and recursion as required."", ""score"": 1}, {""id"": ""C3"", ""reason"": ""Coin change variant explicitly stated as minimum number of coins."", ""score"": 1}, {""id"": ""C4"", ""reason"": ""Explains DP appropriateness using optimal substructure and overlapping subproblems."", ""score"": 1}, {""id"": ""C5"", ""reason"": ""Subproblems defined as dp[i] = minimum coins for amount i."", ""score"": 1}, {""id"": ""C6"", ""reason"": ""Recurrence dp[i] = min(dp[i], 1+dp[i-coin]) matches variant and handles base cases."", ""score"": 1}, {""id"": ""C7"", ""reason"": ""Worked example with table for coins={1,3,4}, target=6, with consistent calculations."", ""score"": 1}, {""id"": ""C8"", ""reason"": ""Table construction shown step by step with calculations."", ""score"": 1}, {""id"": ""C9"", ""reason"": ""Concrete greedy failure example provided: coins={1,3,4}, amount=6."", ""score"": 1}, {""id"": ""C10"", ""reason"": ""Timeline segments sum to exactly 50 minutes."", ""score"": 1}, {""id"": ""C11"", ""reason"": ""In-class activity described as students filling a table for target=8, coins={2,3,5} in pairs."", ""score"": 1}, {""id"": ""C12"", ""reason"": ""Board or slide outline section is completely missing."", ""score"": 0}, {""id"": ""C13"", ""reason"": ""Common misconceptions and instructor responses section is missing."", ""score"": 0}, {""id"": ""C14"", ""reason"": ""Exit quiz with answers section is missing; quiz not provided."", ""score"": 0}, {""id"": ""C15"", ""reason"": ""Optional homework prompt section is missing."", ""score"": 0}, {""id"": ""C16"", ""reason"": ""Language and pacing are appropriate for introductory undergraduates."", ""score"": 1}, {""id"": ""C17"", ""reason"": ""Recurrence and example are correct; no conflation of greedy and DP."", ""score"": 1}, {""id"": ""C18"", ""reason"": ""Fails to follow required output format: sections 6-10 are missing."", ""score"": 0}], ""detected_failure_risks"": [""Omitting assessment or active learning"", ""Giving quiz questions without correct answers""], ""failure_type"": ""None"", ""hallucination_rate"": 0, ""helpfulness_raw"": 3, ""overall_score_cap"": 0.7}"
ec-02__sequential_handoff__deepseek_flash-deepseek-v4-flash__run01__judge-deepseek_pro-deepseek-v4-pro,ec-02__sequential_handoff__deepseek_flash-deepseek-v4-flash__run01,EC-02,sequential_handoff,Sequential Handoff,deepseek,deepseek_flash,deepseek-v4-flash,field-isolated,deepseek,deepseek_pro,deepseek-v4-pro,4,0.75,0.7222,3,0.5,0.0,0.7,0.7292,0.7,"[""Exit quiz lacks answers (missing entirely) triggering hard fail cap at 70%.""]",30.107,7100,0.00138418,3,0.75,9.859e-05,None,"Submission is truncated, missing sections 8 (misconceptions), 9 (exit quiz), and 10 (homework). In-class activity is incomplete.",4027,3834,7861,0.00508733,0.00647151,986dcd43c76278017729a527d4e13c3e6beaafdf74791ccc4e3a58a0c003c338,[],"{""accuracy_raw"": 4, ""cap_reasons"": [""Exit quiz lacks answers (missing entirely) triggering hard fail cap at 70%.""], ""completeness_norm"": 0.72, ""criterion_scores"": [{""id"": ""C1"", ""reason"": ""Learning objectives explicitly cover DP, subproblems, recurrence, bottom-up table, and greedy-vs-DP distinction."", ""score"": 1}, {""id"": ""C2"", ""reason"": ""Prerequisites include arrays, loops, and recursion, consistent with the prompt."", ""score"": 1}, {""id"": ""C3"", ""reason"": ""The coin change variant is clearly stated as minimum number of coins."", ""score"": 1}, {""id"": ""C4"", ""reason"": ""Optimal substructure is mentioned in the timeline but not explained in the concept section; overlapping subproblems are not explicitly addressed in the written material."", ""score"": 0.5}, {""id"": ""C5"", ""reason"": ""Subproblems are defined as dp[i] = minimum coins for amount i, correct for the variant."", ""score"": 1}, {""id"": ""C6"", ""reason"": ""Recurrence dp[i] = min(dp[i], dp[i-coin]+1) with base case dp[0]=0 matches the chosen variant."", ""score"": 1}, {""id"": ""C7"", ""reason"": ""Worked example with coins [1,3,4] and target 6 includes a consistent table and calculations."", ""score"": 1}, {""id"": ""C8"", ""reason"": ""Table construction shows step-by-step calculations, not just final values."", ""score"": 1}, {""id"": ""C9"", ""reason"": ""Greedy failure is demonstrated with coins [1,3,4], target 6, and the optimal DP solution."", ""score"": 1}, {""id"": ""C10"", ""reason"": ""Timeline segments sum to exactly 50 minutes."", ""score"": 1}, {""id"": ""C11"", ""reason"": ""In-class activity is mentioned and partially described but the instructions are truncated."", ""score"": 0.5}, {""id"": ""C12"", ""reason"": ""A board/slide outline with 9 slides is provided, aligned with the lesson sequence."", ""score"": 1}, {""id"": ""C13"", ""reason"": ""Section on common misconceptions and instructor responses is missing entirely."", ""score"": 0}, {""id"": ""C14"", ""reason"": ""Exit quiz with answers is missing entirely."", ""score"": 0}, {""id"": ""C15"", ""reason"": ""Optional homework prompt is missing entirely."", ""score"": 0}, {""id"": ""C16"", ""reason"": ""Language and pacing are appropriate for introductory undergraduate CS students."", ""score"": 1}, {""id"": ""C17"", ""reason"": ""No incorrect recurrences, inconsistent examples, or unsupported external claims; greedy and DP are properly distinguished."", ""score"": 1}, {""id"": ""C18"", ""reason"": ""Only 7 of the 10 required sections are present (sections 8, 9, 10 missing)."", ""score"": 0}], ""detected_failure_risks"": [""Omitting assessment or active learning."", ""Giving quiz questions without correct answers.""], ""failure_type"": ""None"", ""hallucination_rate"": 0, ""helpfulness_raw"": 3, ""notes"": ""Submission is truncated, missing sections 8 (misconceptions), 9 (exit quiz), and 10 (homework). In-class activity is incomplete."", ""overall_score_cap"": 0.7}"
ec-02__shared_blackboard__deepseek_flash-deepseek-v4-flash__run01__judge-deepseek_pro-deepseek-v4-pro,ec-02__shared_blackboard__deepseek_flash-deepseek-v4-flash__run01,EC-02,shared_blackboard,Shared Blackboard,deepseek,deepseek_flash,deepseek-v4-flash,field-isolated,deepseek,deepseek_pro,deepseek-v4-pro,5,1.0,0.7778,3,0.5,0.0,0.7,0.8333,0.7,"[""Exit quiz lacks answers (section 9 missing), triggering hard fail cap at 70%.""]",40.035,11912,0.00219842,4,0.8,5.876e-05,None,,4055,3954,8009,0.0052039,0.00740232,986dcd43c76278017729a527d4e13c3e6beaafdf74791ccc4e3a58a0c003c338,[],"{""accuracy_raw"": 5, ""cap_reasons"": [""Exit quiz lacks answers (section 9 missing), triggering hard fail cap at 70%.""], ""completeness_norm"": 0.72, ""criterion_scores"": [{""id"": ""C1"", ""reason"": ""Learning objectives explicitly cover DP suitability, greedy-vs-DP distinction, subproblem definition, recurrence, and bottom-up table."", ""score"": 1}, {""id"": ""C2"", ""reason"": ""Prerequisites listed include arrays, loops, and recursion, consistent with the prompt."", ""score"": 1}, {""id"": ""C3"", ""reason"": ""Coin change variant is clearly stated as minimum number of coins (unbounded)."", ""score"": 1}, {""id"": ""C4"", ""reason"": ""Explains optimal substructure (amount a depends on smaller amounts) and overlapping subproblems (same subproblems solved many times)."", ""score"": 1}, {""id"": ""C5"", ""reason"": ""Subproblems defined as dp[a] representing minimum coins for amount a, appropriate for the chosen variant."", ""score"": 1}, {""id"": ""C6"", ""reason"": ""Recurrence dp[a] = min(dp[a-coin] + 1) with base case dp[0]=0 matches minimum coins and handles all amounts."", ""score"": 1}, {""id"": ""C7"", ""reason"": ""Worked example for coins [1,3,4] and amount 6 shows consistent step-by-step values yielding dp[6]=2."", ""score"": 1}, {""id"": ""C8"", ""reason"": ""Table construction shown incrementally from dp[0] through dp[6] with intermediate calculations."", ""score"": 1}, {""id"": ""C9"", ""reason"": ""Concrete example using coins [1,3,4] and amount 6 demonstrates greedy (4+1+1=3) fails while optimal is 2 (3+3)."", ""score"": 1}, {""id"": ""C10"", ""reason"": ""Timeline segments sum to exactly 50 minutes."", ""score"": 1}, {""id"": ""C11"", ""reason"": ""In-class activity where students work in pairs to fill a DP table for coins [2,5,7] and amount 11 is included."", ""score"": 1}, {""id"": ""C12"", ""reason"": ""Board/slide outline covers sequencing from hook through worked example, activity, and debrief."", ""score"": 1}, {""id"": ""C13"", ""reason"": ""Section 8 (Common misconceptions and instructor responses) is missing from the truncated submission."", ""score"": 0}, {""id"": ""C14"", ""reason"": ""Exit quiz with answers is not provided; section 9 is missing."", ""score"": 0}, {""id"": ""C15"", ""reason"": ""Optional homework prompt is missing; section 10 is not present."", ""score"": 0}, {""id"": ""C16"", ""reason"": ""Language is appropriate for introductory undergraduates and pacing seems suitable."", ""score"": 1}, {""id"": ""C17"", ""reason"": ""No incorrect recurrences, examples are consistent, no external claims, greedy and DP are correctly distinguished."", ""score"": 1}, {""id"": ""C18"", ""reason"": ""Only seven of the ten required output sections are present; sections 8, 9, and 10 are missing."", ""score"": 0}], ""detected_failure_risks"": [""Omitting assessment or active learning""], ""failure_type"": ""None"", ""hallucination_rate"": 0, ""helpfulness_raw"": 3, ""overall_score_cap"": 0.7}"
ec-02__single_agent__deepseek_flash-deepseek-v4-flash__run01__judge-deepseek_pro-deepseek-v4-pro,ec-02__single_agent__deepseek_flash-deepseek-v4-flash__run01,EC-02,single_agent,Single Agent,deepseek,deepseek_flash,deepseek-v4-flash,field-isolated,deepseek,deepseek_pro,deepseek-v4-pro,5,1.0,0.7778,3,0.5,0.0,0.7,0.8333,0.7,"[""Exit quiz lacks answers.""]",11.47,1463,0.00037282,0,0.0,0.00047847,None,"Submission is incomplete; missing misconceptions content, exit quiz, and homework. DP content is otherwise accurate and well-structured.",4050,4072,8122,0.00530439,0.00567721,986dcd43c76278017729a527d4e13c3e6beaafdf74791ccc4e3a58a0c003c338,[],"{""accuracy_raw"": 5, ""cap_reasons"": [""Exit quiz lacks answers.""], ""completeness_norm"": 0.72, ""criterion_scores"": [{""id"": ""C1"", ""reason"": ""Learning objectives clearly cover DP suitability, greedy distinction, subproblems, recurrence, and bottom-up table."", ""score"": 1}, {""id"": ""C2"", ""reason"": ""Prerequisites explicitly list arrays, loops, and recursion."", ""score"": 1}, {""id"": ""C3"", ""reason"": ""States variant as minimum coin change (unbounded)."", ""score"": 1}, {""id"": ""C4"", ""reason"": ""Optimal substructure and overlapping subproblems are introduced in timeline and learning objectives."", ""score"": 1}, {""id"": ""C5"", ""reason"": ""Defines subproblem dp[i] = min coins for amount i correctly."", ""score"": 1}, {""id"": ""C6"", ""reason"": ""Recurrence matches minimum coins and handles base case dp[0]=0 correctly."", ""score"": 1}, {""id"": ""C7"", ""reason"": ""Worked example with coins [1,3,4] and target 6 is internally consistent and correctly computed."", ""score"": 1}, {""id"": ""C8"", ""reason"": ""Shows step-by-step bottom-up table construction for each amount."", ""score"": 1}, {""id"": ""C9"", ""reason"": ""Concrete greedy failure example (4+1+1 vs 3+3) is provided."", ""score"": 1}, {""id"": ""C10"", ""reason"": ""Timeline sums to exactly 50 minutes."", ""score"": 1}, {""id"": ""C11"", ""reason"": ""In-class activity with partner work is included."", ""score"": 1}, {""id"": ""C12"", ""reason"": ""Board/slide outline is provided and aligned with lesson sequence."", ""score"": 1}, {""id"": ""C13"", ""reason"": ""Section 8 heading exists but content is empty; no misconceptions or responses given."", ""score"": 0}, {""id"": ""C14"", ""reason"": ""No exit quiz or answers are provided."", ""score"": 0}, {""id"": ""C15"", ""reason"": ""Optional homework prompt is missing."", ""score"": 0}, {""id"": ""C16"", ""reason"": ""Language and pacing appear appropriate for introductory undergraduates."", ""score"": 1}, {""id"": ""C17"", ""reason"": ""No incorrect recurrence, inconsistent examples, or conflation; greedy-vs-DP is clear."", ""score"": 1}, {""id"": ""C18"", ""reason"": ""Missing sections 9 and 10, and section 8 is incomplete."", ""score"": 0}], ""detected_failure_risks"": [""Omitting assessment or active learning"", ""Giving quiz questions without correct answers""], ""failure_type"": ""None"", ""hallucination_rate"": 0, ""helpfulness_raw"": 3, ""notes"": ""Submission is incomplete; missing misconceptions content, exit quiz, and homework. DP content is otherwise accurate and well-structured."", ""overall_score_cap"": 0.7}"
lr-02__manager_worker__deepseek_flash-deepseek-v4-flash__run01__judge-deepseek_pro-deepseek-v4-pro,lr-02__manager_worker__deepseek_flash-deepseek-v4-flash__run01,LR-02,manager_worker,Manager-Worker,deepseek,deepseek_flash,deepseek-v4-flash,field-isolated,deepseek,deepseek_pro,deepseek-v4-pro,4,0.75,0.8056,3,0.5,0.0,0.7542,0.7542,1.0,[],62.67,14101,0.00260386,6,1.0,5.349e-05,None,,4204,3652,7856,0.00500598,0.00760984,986dcd43c76278017729a527d4e13c3e6beaafdf74791ccc4e3a58a0c003c338,"[""This task requires external tools, but the current runner has no tool execution layer. The run is recorded with tool_access_used=false and is not a controlled valid result for this task.""]","{""accuracy_raw"": 4, ""cap_reasons"": [], ""completeness_norm"": 0.86, ""criterion_scores"": [{""id"": ""C1"", ""reason"": ""The concept of RAG is demonstrated functionally but not explicitly defined as retrieval plus generation conditioned on external evidence."", ""score"": 0.5}, {""id"": ""C2"", ""reason"": ""The importance of hallucination reduction for domain-specific QA in terms of factuality, trust, and evidence traceability is not discussed."", ""score"": 0.0}, {""id"": ""C3"", ""reason"": ""Four credible scholarly sources from 2020 or later are cited: Lewis et al. 2020, Shuster et al. 2021, Borgeaud et al. 2022, Gao et al. 2023."", ""score"": 1.0}, {""id"": ""C4"", ""reason"": ""The source table includes year, method/focus, key contribution, and limitation for all four sources."", ""score"": 1.0}, {""id"": ""C5"", ""reason"": ""Empirical claims are cited or clearly labeled as synthesis; no unsupported assertions are presented."", ""score"": 1.0}, {""id"": ""C6"", ""reason"": ""Three methodological families (retrieval/indexing, reranking/context selection, citation-grounded generation/verification) are compared, not merely listed."", ""score"": 1.0}, {""id"": ""C7"", ""reason"": ""Retrieval/indexing improvements are covered with discussion of grounding and recall (DPR, RETRO)."", ""score"": 1.0}, {""id"": ""C8"", ""reason"": ""Reranking/context selection is discussed with precision/latency tradeoffs, including a latency estimate."", ""score"": 1.0}, {""id"": ""C9"", ""reason"": ""Citation-grounded generation (Shuster) and answer verification (RARR) are covered, explaining hallucination reduction mechanisms."", ""score"": 1.0}, {""id"": ""C10"", ""reason"": ""Factuality tradeoffs are analyzed with appropriate caution; no claim of perfect hallucination elimination."", ""score"": 1.0}, {""id"": ""C11"", ""reason"": ""Evidence grounding is analyzed, including traceability and explicit citation markers."", ""score"": 1.0}, {""id"": ""C12"", ""reason"": ""Latency costs from retrieval, reranking, and multi-stage pipelines are discussed."", ""score"": 1.0}, {""id"": ""C13"", ""reason"": ""Implementation complexity (indexing, maintenance, compute costs) is discussed for each family."", ""score"": 1.0}, {""id"": ""C14"", ""reason"": ""Established findings are clearly separated from synthesis and open gaps with explicit labeling."", ""score"": 1.0}, {""id"": ""C15"", ""reason"": ""Three research gaps are mentioned in the executive summary but the dedicated section is missing due to truncation."", ""score"": 0.5}, {""id"": ""C16"", ""reason"": ""The required seven-section format is not fully followed; sections 6 and 7 are missing, and section 5 is incomplete."", ""score"": 0.0}, {""id"": ""C17"", ""reason"": ""No fabricated papers, incorrect citations, or fabricated performance numbers are detected."", ""score"": 1.0}, {""id"": ""C18"", ""reason"": ""The review is concise but incomplete, lacking full tradeoff analysis and closing sections."", ""score"": 0.5}], ""detected_failure_risks"": [], ""failure_type"": ""None"", ""hallucination_rate"": 0.0, ""helpfulness_raw"": 3, ""overall_score_cap"": 1.0}"
lr-02__sequential_handoff__deepseek_flash-deepseek-v4-flash__run01__judge-deepseek_pro-deepseek-v4-pro,lr-02__sequential_handoff__deepseek_flash-deepseek-v4-flash__run01,LR-02,sequential_handoff,Sequential Handoff,deepseek,deepseek_flash,deepseek-v4-flash,field-isolated,deepseek,deepseek_pro,deepseek-v4-pro,4,0.75,0.75,3,0.5,0.0,0.7375,0.7375,1.0,[],37.307,8645,0.00165284,3,0.75,8.531e-05,None,"Submission is truncated, missing the full tradeoff analysis, research gaps section, and conclusion. References are real and properly cited. The content that is present is largely accurate and well-structured, but the incompleteness significantly impacts completeness and helpfulness.",4200,4109,8309,0.00540183,0.00705467,986dcd43c76278017729a527d4e13c3e6beaafdf74791ccc4e3a58a0c003c338,"[""This task requires external tools, but the current runner has no tool execution layer. The run is recorded with tool_access_used=false and is not a controlled valid result for this task.""]","{""accuracy_raw"": 4, ""cap_reasons"": [], ""completeness_norm"": 0.75, ""criterion_scores"": [{""id"": ""C1"", ""reason"": ""Clearly defines RAG as grounding outputs in external knowledge."", ""score"": 1}, {""id"": ""C2"", ""reason"": ""Mentions hallucination reduction matters for domain-specific QA but does not deeply elaborate."", ""score"": 0.5}, {""id"": ""C3"", ""reason"": ""Uses four credible post-2020 sources: Lewis et al. (2020), Shuster et al. (2021), Borgeaud et al. (2022), Gao et al. (2023)."", ""score"": 1}, {""id"": ""C4"", ""reason"": ""Source table includes year, method/focus, key contribution, and limitation for each source."", ""score"": 1}, {""id"": ""C5"", ""reason"": ""Claims are cited inline or explicitly labeled as synthesis."", ""score"": 1}, {""id"": ""C6"", ""reason"": ""Compares three method families: retrieval/indexing improvements, reranking/context selection, and citation-grounded generation."", ""score"": 1}, {""id"": ""C7"", ""reason"": ""Covers retrieval improvements and explains their effect on grounding and recall."", ""score"": 1}, {""id"": ""C8"", ""reason"": ""Mentions reranking tradeoffs briefly and mainly as synthesis; lacks detailed precision/latency/context-window analysis."", ""score"": 0.5}, {""id"": ""C9"", ""reason"": ""Covers citation-grounded generation and explains how it reduces unsupported claims."", ""score"": 1}, {""id"": ""C10"", ""reason"": ""Tradeoff analysis on factuality is truncated and incomplete."", ""score"": 0.5}, {""id"": ""C11"", ""reason"": ""Evidence grounding analysis is present but incomplete due to truncation."", ""score"": 0.5}, {""id"": ""C12"", ""reason"": ""Latency costs partially discussed, but tradeoff table cut off."", ""score"": 0.5}, {""id"": ""C13"", ""reason"": ""Implementation complexity mentioned but not analyzed in depth."", ""score"": 0.5}, {""id"": ""C14"", ""reason"": ""Clearly separates synthesis with [Synthesis] tags."", ""score"": 1}, {""id"": ""C15"", ""reason"": ""Three research gaps listed in executive summary: evaluation metrics, answer verification loops, multi-hop reasoning."", ""score"": 1}, {""id"": ""C16"", ""reason"": ""Missing required sections: dedicated research gaps/future directions and conclusion; tradeoff analysis incomplete."", ""score"": 0}, {""id"": ""C17"", ""reason"": ""No fabricated citations, incorrect paper details, or overclaimed results detected."", ""score"": 1}, {""id"": ""C18"", ""reason"": ""Concise but lacks full detail for decision-making due to truncation."", ""score"": 0.5}], ""detected_failure_risks"": [], ""failure_type"": ""None"", ""hallucination_rate"": 0, ""helpfulness_raw"": 3, ""notes"": ""Submission is truncated, missing the full tradeoff analysis, research gaps section, and conclusion. References are real and properly cited. The content that is present is largely accurate and well-structured, but the incompleteness significantly impacts completeness and helpfulness."", ""overall_score_cap"": 1}"
lr-02__shared_blackboard__deepseek_flash-deepseek-v4-flash__run01__judge-deepseek_pro-deepseek-v4-pro,lr-02__shared_blackboard__deepseek_flash-deepseek-v4-flash__run01,LR-02,shared_blackboard,Shared Blackboard,deepseek,deepseek_flash,deepseek-v4-flash,field-isolated,deepseek,deepseek_pro,deepseek-v4-pro,4,0.75,0.8333,3,0.5,0.0,0.7625,0.7625,1.0,[],48.43,11058,0.00203406,4,0.8,6.895e-05,None,,4211,5468,9679,0.00658894,0.008623,986dcd43c76278017729a527d4e13c3e6beaafdf74791ccc4e3a58a0c003c338,"[""This task requires external tools, but the current runner has no tool execution layer. The run is recorded with tool_access_used=false and is not a controlled valid result for this task.""]","{""accuracy_raw"": 4, ""cap_reasons"": [], ""completeness_norm"": 0.89, ""criterion_scores"": [{""id"": ""C1"", ""reason"": ""Submission does not explicitly define RAG, but implies its meaning through discussion of retrieval and generation."", ""score"": 0.5}, {""id"": ""C2"", ""reason"": ""Hallucination reduction importance for domain-specific QA is implicit; explicit explanation of factuality, trust, and traceability is lacking."", ""score"": 0.5}, {""id"": ""C3"", ""reason"": ""Four scholarly sources from 2020 or later are cited (Lewis 2020, Borgeaud 2022, Shuster 2021, Gao 2023)."", ""score"": 1}, {""id"": ""C4"", ""reason"": ""Source table includes year, method/focus, contribution, and limitation for each source."", ""score"": 1}, {""id"": ""C5"", ""reason"": ""Claims are labeled [Sourced] or [Synthesis], clearly attributing where possible."", ""score"": 1}, {""id"": ""C6"", ""reason"": ""Compares three families: retrieval/indexing, reranking/context selection, citation-grounded generation."", ""score"": 1}, {""id"": ""C7"", ""reason"": ""Retrieval/indexing improvements covered, with discussion of grounding and impact of retrieval noise."", ""score"": 1}, {""id"": ""C8"", ""reason"": ""Reranking covered, including precision/latency/context-window tradeoffs."", ""score"": 1}, {""id"": ""C9"", ""reason"": ""Citation-grounded generation covered, explaining how it detects unsupported answers via verifiability."", ""score"": 1}, {""id"": ""C10"", ""reason"": ""Factuality tradeoffs analyzed with caution; no claim of perfect hallucination elimination."", ""score"": 1}, {""id"": ""C11"", ""reason"": ""Evidence grounding analyzed for each family, including limitations."", ""score"": 1}, {""id"": ""C12"", ""reason"": ""Latency analysis partially provided but cut off; reranking latency mentioned, but incomplete."", ""score"": 0.5}, {""id"": ""C13"", ""reason"": ""Implementation complexity discussed for each family."", ""score"": 1}, {""id"": ""C14"", ""reason"": ""Established findings separated from synthesis with [Sourced] and [Synthesis] tags."", ""score"": 1}, {""id"": ""C15"", ""reason"": ""Three research gaps listed in executive summary: robust evaluation, dynamic retrieval, lightweight guardrails."", ""score"": 1}, {""id"": ""C16"", ""reason"": ""Required format not followed: Tradeoff Analysis incomplete, Research Gaps and Short Conclusion sections missing."", ""score"": 0}, {""id"": ""C17"", ""reason"": ""No fabricated citations or overclaimed results detected."", ""score"": 1}, {""id"": ""C18"", ""reason"": ""Review concise but cut off, lacking complete tradeoff and gaps sections, reducing decision-making utility."", ""score"": 0.5}], ""detected_failure_risks"": [], ""failure_type"": ""None"", ""hallucination_rate"": 0, ""helpfulness_raw"": 3, ""overall_score_cap"": 1}"
lr-02__single_agent__deepseek_flash-deepseek-v4-flash__run01__judge-deepseek_pro-deepseek-v4-pro,lr-02__single_agent__deepseek_flash-deepseek-v4-flash__run01,LR-02,single_agent,Single Agent,deepseek,deepseek_flash,deepseek-v4-flash,field-isolated,deepseek,deepseek_pro,deepseek-v4-pro,4,0.75,0.8611,3,0.5,0.0,0.7708,0.7708,1.0,[],16.798,1517,0.00038038,0,0.0,0.00050811,None,"The submission is incomplete: section 6 cuts off after listing one research gap, and section 7 (conclusion) is missing. This impacts completeness and helpfulness.",4200,3920,8120,0.0052374,0.00561778,986dcd43c76278017729a527d4e13c3e6beaafdf74791ccc4e3a58a0c003c338,"[""This task requires external tools, but the current runner has no tool execution layer. The run is recorded with tool_access_used=false and is not a controlled valid result for this task.""]","{""accuracy_raw"": 4, ""cap_reasons"": [], ""completeness_norm"": 0.8, ""criterion_scores"": [{""id"": ""C1"", ""reason"": ""Defines RAG as retrieval-augmented generation grounding outputs in external knowledge."", ""score"": 1}, {""id"": ""C2"", ""reason"": ""Mentions hallucination reduction in domain-specific QA but does not fully elaborate on factuality, trust, and evidence traceability aspects specifically."", ""score"": 0.5}, {""id"": ""C3"", ""reason"": ""Uses four credible scholarly sources from 2020 or later (Lewis et al. 2020, Izacard et al. 2022, Shuster et al. 2021, Gao et al. 2023)."", ""score"": 1}, {""id"": ""C4"", ""reason"": ""Source table includes year, method/focus, key contribution, and limitation for each source."", ""score"": 1}, {""id"": ""C5"", ""reason"": ""Empirical claims are cited inline; synthesis statements are clearly labeled."", ""score"": 1}, {""id"": ""C6"", ""reason"": ""Compares retrieval/indexing, reranking/context selection, citation-grounded generation, and answer verification families."", ""score"": 1}, {""id"": ""C7"", ""reason"": ""Covers retrieval/indexing improvements with Lewis et al. and Izacard et al., explaining effect on recall and grounding."", ""score"": 1}, {""id"": ""C8"", ""reason"": ""Covers reranking/context selection, noting precision/latency tradeoffs."", ""score"": 1}, {""id"": ""C9"", ""reason"": ""Covers citation-grounded generation and answer verification/guardrails, explaining detection/reduction of unsupported answers."", ""score"": 1}, {""id"": ""C10"", ""reason"": ""Factuality tradeoffs analyzed cautiously; states no method eliminates hallucinations."", ""score"": 1}, {""id"": ""C11"", ""reason"": ""Evidence grounding analyzed for each family; highlights explicit passage and citation linkage."", ""score"": 1}, {""id"": ""C12"", ""reason"": ""Latency costs analyzed, including estimates for retrieval and reranking."", ""score"": 1}, {""id"": ""C13"", ""reason"": ""Implementation complexity analyzed for each family in tradeoff table."", ""score"": 1}, {""id"": ""C14"", ""reason"": ""Synthesis clearly separated with '*Synthesis:*' labels."", ""score"": 1}, {""id"": ""C15"", ""reason"": ""Only one research gap provided; three are required but the submission cuts off after the first."", ""score"": 0}, {""id"": ""C16"", ""reason"": ""Missing required section 7 (conclusion) and section 6 is incomplete."", ""score"": 0}, {""id"": ""C17"", ""reason"": ""No fabricated papers, citations, or benchmark results detected."", ""score"": 1}, {""id"": ""C18"", ""reason"": ""Concise with sufficient detail for method comparison."", ""score"": 1}], ""detected_failure_risks"": [], ""failure_type"": ""None"", ""hallucination_rate"": 0, ""helpfulness_raw"": 3, ""notes"": ""The submission is incomplete: section 6 cuts off after listing one research gap, and section 7 (conclusion) is missing. This impacts completeness and helpfulness."", ""overall_score_cap"": 1}"
mr-02__manager_worker__deepseek_flash-deepseek-v4-flash__run01__judge-deepseek_pro-deepseek-v4-pro,mr-02__manager_worker__deepseek_flash-deepseek-v4-flash__run01,MR-02,manager_worker,Manager-Worker,deepseek,deepseek_flash,deepseek-v4-flash,field-isolated,deepseek,deepseek_pro,deepseek-v4-pro,3,0.5,0.5,2,0.25,0.0,0.5,0.525,0.5,"[""No public sources cited.""]",59.198,14840,0.00271572,6,1.0,3.369e-05,None,"The submission is incomplete and lacks required sections (5 and 6). No sources are cited anywhere, triggering a cap. The recommendation is truncated.",4174,5933,10107,0.0069774,0.00969312,986dcd43c76278017729a527d4e13c3e6beaafdf74791ccc4e3a58a0c003c338,"[""This task requires external tools, but the current runner has no tool execution layer. The run is recorded with tool_access_used=false and is not a controlled valid result for this task.""]","{""accuracy_raw"": 3, ""cap_reasons"": [""No public sources cited.""], ""completeness_norm"": 0.5, ""criterion_scores"": [{""id"": ""C1"", ""reason"": ""Four options compared: Zoom AI Companion, Google Meet Gemini, Otter.ai, Fireflies.ai."", ""score"": 1}, {""id"": ""C2"", ""reason"": ""Includes integrated (Zoom AI Companion, Google Meet Gemini) and standalone (Otter.ai, Fireflies.ai)."", ""score"": 1}, {""id"": ""C3"", ""reason"": ""Claims Zoom support for Otter.ai and Fireflies.ai but provides no sources."", ""score"": 0}, {""id"": ""C4"", ""reason"": ""Claims Google Meet support for Otter.ai and Fireflies.ai but provides no sources."", ""score"": 0}, {""id"": ""C5"", ""reason"": ""Searchable transcripts addressed for all options."", ""score"": 1}, {""id"": ""C6"", ""reason"": ""Addresses action-item extraction for Zoom, Otter, Fireflies, but Google Meet Gemini omits it (only AI-generated summaries mentioned)."", ""score"": 0.5}, {""id"": ""C7"", ""reason"": ""Speaker identification addressed for all options."", ""score"": 1}, {""id"": ""C8"", ""reason"": ""Note/export options addressed for all."", ""score"": 1}, {""id"": ""C9"", ""reason"": ""No public sources cited for capabilities."", ""score"": 0}, {""id"": ""C10"", ""reason"": ""No public sources cited for pricing or plan availability."", ""score"": 0}, {""id"": ""C11"", ""reason"": ""Privacy, consent, and data-retention notes present for each option, with unknowns noted."", ""score"": 1}, {""id"": ""C12"", ""reason"": ""A few unknowns noted (Google retention, FERPA), but overall does not distinguish verified facts from assumptions; verification notes section missing."", ""score"": 0.5}, {""id"": ""C13"", ""reason"": ""Matrix includes all required columns."", ""score"": 1}, {""id"": ""C14"", ""reason"": ""Trend discussion unsupported by sources and not labeled as synthesis."", ""score"": 0}, {""id"": ""C15"", ""reason"": ""Recommendation started but incomplete; justification truncated."", ""score"": 0.5}, {""id"": ""C16"", ""reason"": ""Tradeoffs partially discussed (cost vs flexibility) but incomplete due to truncation."", ""score"": 0.5}, {""id"": ""C17"", ""reason"": ""Risks, assumptions, and verification notes section missing."", ""score"": 0}, {""id"": ""C18"", ""reason"": ""Source list missing; no inline citations."", ""score"": 0}, {""id"": ""C19"", ""reason"": ""No obvious fabricated claims; prices appear plausible."", ""score"": 1}, {""id"": ""C20"", ""reason"": ""Missing sections 5 and 6; section 4 incomplete."", ""score"": 0}], ""detected_failure_risks"": [""Making unsupported claims about compliance or security."", ""Failing to verify Zoom and Google Meet support separately."", ""Guessing data-retention policies when public documentation is unclear.""], ""failure_type"": ""None"", ""hallucination_rate"": 0, ""helpfulness_raw"": 2, ""notes"": ""The submission is incomplete and lacks required sections (5 and 6). No sources are cited anywhere, triggering a cap. The recommendation is truncated."", ""overall_score_cap"": 0.5}"
mr-02__sequential_handoff__deepseek_flash-deepseek-v4-flash__run01__judge-deepseek_pro-deepseek-v4-pro,mr-02__sequential_handoff__deepseek_flash-deepseek-v4-flash__run01,MR-02,sequential_handoff,Sequential Handoff,deepseek,deepseek_flash,deepseek-v4-flash,field-isolated,deepseek,deepseek_pro,deepseek-v4-pro,3,0.5,0.525,3,0.5,0.0,0.5,0.5825,0.5,"[""No current public sources are cited""]",37.271,8945,0.00171262,3,0.75,5.59e-05,None,,4179,4779,8958,0.0059756,0.00768822,986dcd43c76278017729a527d4e13c3e6beaafdf74791ccc4e3a58a0c003c338,"[""This task requires external tools, but the current runner has no tool execution layer. The run is recorded with tool_access_used=false and is not a controlled valid result for this task.""]","{""accuracy_raw"": 3, ""cap_reasons"": [""No current public sources are cited""], ""completeness_norm"": 0.525, ""criterion_scores"": [{""id"": ""C1"", ""reason"": ""Compares four tools."", ""score"": 1}, {""id"": ""C2"", ""reason"": ""Includes Zoom AI Companion and Google Gemini (integrated) and Otter.ai and Fireflies.ai (standalone)."", ""score"": 1}, {""id"": ""C3"", ""reason"": ""Claims Zoom support but no sources cited to verify."", ""score"": 0.5}, {""id"": ""C4"", ""reason"": ""Claims Google Meet support but no sources cited to verify."", ""score"": 0.5}, {""id"": ""C5"", ""reason"": ""Otter and Fireflies explicitly mention searchable transcripts; Zoom and Gemini do not, and it is not stated whether they have it."", ""score"": 0.5}, {""id"": ""C6"", ""reason"": ""All four tools mention action-item extraction."", ""score"": 1}, {""id"": ""C7"", ""reason"": ""All four tools address speaker identification."", ""score"": 1}, {""id"": ""C8"", ""reason"": ""Export options mentioned for Otter, Fireflies, and Zoom; missing for Gemini."", ""score"": 0.5}, {""id"": ""C9"", ""reason"": ""No sources cited at all."", ""score"": 0}, {""id"": ""C10"", ""reason"": ""No sources for pricing or plans."", ""score"": 0}, {""id"": ""C11"", ""reason"": ""Matrix column addresses privacy, consent, and data retention for each tool."", ""score"": 1}, {""id"": ""C12"", ""reason"": ""One unknown noted (Fireflies retention policy) but mostly lacks clear distinction between verified and assumed facts."", ""score"": 0.5}, {""id"": ""C13"", ""reason"": ""Matrix includes all required columns."", ""score"": 1}, {""id"": ""C14"", ""reason"": ""Trends discussion present, even if unsourced."", ""score"": 1}, {""id"": ""C15"", ""reason"": ""Recommendation provided but truncated and incomplete."", ""score"": 0.5}, {""id"": ""C16"", ""reason"": ""Tradeoffs mentioned but cut off; not fully explained."", ""score"": 0.5}, {""id"": ""C17"", ""reason"": ""Section 5 risks/assumptions/verification notes missing."", ""score"": 0}, {""id"": ""C18"", ""reason"": ""No source list or inline citations."", ""score"": 0}, {""id"": ""C19"", ""reason"": ""All claims unsupported due to missing sources."", ""score"": 0}, {""id"": ""C20"", ""reason"": ""Missing required sections 5 and 6, and recommendation incomplete."", ""score"": 0}], ""detected_failure_risks"": [""Failing to verify Zoom and Google Meet support separately""], ""failure_type"": ""None"", ""hallucination_rate"": 0, ""helpfulness_raw"": 3, ""overall_score_cap"": 0.5}"
mr-02__shared_blackboard__deepseek_flash-deepseek-v4-flash__run01__judge-deepseek_pro-deepseek-v4-pro,mr-02__shared_blackboard__deepseek_flash-deepseek-v4-flash__run01,MR-02,shared_blackboard,Shared Blackboard,deepseek,deepseek_flash,deepseek-v4-flash,field-isolated,deepseek,deepseek_pro,deepseek-v4-pro,2,0.25,0.55,2,0.25,0.2,0.4,0.4225,0.4,"[""No public sources are cited, triggering the 50% hard-fail cap."", ""Pricing and privacy claims are materially unsupported, triggering the 40% cap (more restrictive).""]",50.876,12333,0.00226492,4,0.8,3.243e-05,Communication Failure,"The submission cuts off abruptly, missing the source list and leaving the risks section incomplete. All factual claims are provided without any supporting citations, violating the core evidence requirement of the task.",4187,5875,10062,0.00693259,0.00919751,986dcd43c76278017729a527d4e13c3e6beaafdf74791ccc4e3a58a0c003c338,"[""This task requires external tools, but the current runner has no tool execution layer. The run is recorded with tool_access_used=false and is not a controlled valid result for this task.""]","{""accuracy_raw"": 2, ""cap_reasons"": [""No public sources are cited, triggering the 50% hard-fail cap."", ""Pricing and privacy claims are materially unsupported, triggering the 40% cap (more restrictive).""], ""completeness_norm"": 0.5, ""criterion_scores"": [{""id"": ""C1"", ""reason"": ""Four meeting-assistant options are compared: Zoom AI Companion, Otter.ai, Fireflies.ai, and Fathom."", ""score"": 1}, {""id"": ""C2"", ""reason"": ""Includes at least one platform-integrated option (Zoom AI Companion) and multiple standalone options."", ""score"": 1}, {""id"": ""C3"", ""reason"": ""Zoom support is claimed for each tool but no public source is cited to verify these claims."", ""score"": 0}, {""id"": ""C4"", ""reason"": ""Google Meet support is claimed for standalone tools but no public source is cited for verification."", ""score"": 0}, {""id"": ""C5"", ""reason"": ""Searchable transcripts are addressed for Otter and Fireflies but not clearly mentioned for Zoom AI Companion and Fathom; the gaps are not labeled as unclear."", ""score"": 0.5}, {""id"": ""C6"", ""reason"": ""Action-item extraction is explicitly listed for all four options in the matrix."", ""score"": 1}, {""id"": ""C7"", ""reason"": ""Speaker identification is mentioned for every tool."", ""score"": 1}, {""id"": ""C8"", ""reason"": ""Export details are given for Otter, Fireflies, and Fathom but missing for Zoom AI Companion; not stated as unclear."", ""score"": 0.5}, {""id"": ""C9"", ""reason"": ""No public sources are provided for product capabilities; all capability claims lack citations."", ""score"": 0}, {""id"": ""C10"", ""reason"": ""No public sources are cited for pricing or plan availability."", ""score"": 0}, {""id"": ""C11"", ""reason"": ""Privacy, consent, and data-retention risks are addressed in the matrix and risks section."", ""score"": 1}, {""id"": ""C12"", ""reason"": ""Unknown data-retention details are explicitly labeled as such, and the recommendation notes the need for vendor verification."", ""score"": 1}, {""id"": ""C13"", ""reason"": ""The comparison matrix includes all required columns."", ""score"": 1}, {""id"": ""C14"", ""reason"": ""A market trends discussion is present but makes unsupported factual claims (e.g., about disclosure practices) without cited evidence or clear synthesis labeling."", ""score"": 0.5}, {""id"": ""C15"", ""reason"": ""A justified primary/secondary recommendation is provided that addresses budget, platform support, and privacy."", ""score"": 1}, {""id"": ""C16"", ""reason"": ""Tradeoffs like cost, fragmentation, consent, and data retention are explained in the recommendation."", ""score"": 1}, {""id"": ""C17"", ""reason"": ""A risks section is present but truncated; only one risk is mentioned before the submission breaks."", ""score"": 0.5}, {""id"": ""C18"", ""reason"": ""No source list is provided, and no inline citations are present anywhere in the submission."", ""score"": 0}, {""id"": ""C19"", ""reason"": ""All pricing, compliance (GDPR claims), and feature claims are unsupported; the submission fails to avoid unsupported statements."", ""score"": 0}, {""id"": ""C20"", ""reason"": ""The required Source list section is entirely missing, and the Risks section is incomplete."", ""score"": 0}], ""detected_failure_risks"": [""Using outdated pricing or feature information."", ""Making unsupported claims about compliance or security."", ""Failing to verify Zoom and Google Meet support separately.""], ""failure_type"": ""Communication Failure"", ""hallucination_rate"": 0.2, ""helpfulness_raw"": 2, ""notes"": ""The submission cuts off abruptly, missing the source list and leaving the risks section incomplete. All factual claims are provided without any supporting citations, violating the core evidence requirement of the task."", ""overall_score_cap"": 0.4}"
mr-02__single_agent__deepseek_flash-deepseek-v4-flash__run01__judge-deepseek_pro-deepseek-v4-pro,mr-02__single_agent__deepseek_flash-deepseek-v4-flash__run01,MR-02,single_agent,Single Agent,deepseek,deepseek_flash,deepseek-v4-flash,field-isolated,deepseek,deepseek_pro,deepseek-v4-pro,2,0.25,0.6,3,0.5,0.1,0.4,0.5025,0.4,"[""No public sources are cited (hard‑fail cap at 50%)."", ""Pricing and privacy claims are materially unsupported (hard‑fail cap at 40%). Most restrictive cap applied.""]",15.712,1535,0.0003829,0,0.0,0.00026059,Communication Failure,"The submission is cut off after the start of section 5, resulting in missing required sections and zero source citations. The overall score is capped at 40% due to unsupported pricing/privacy claims.",4178,5115,9293,0.00626748,0.00665038,986dcd43c76278017729a527d4e13c3e6beaafdf74791ccc4e3a58a0c003c338,"[""This task requires external tools, but the current runner has no tool execution layer. The run is recorded with tool_access_used=false and is not a controlled valid result for this task.""]","{""accuracy_raw"": 2, ""cap_reasons"": [""No public sources are cited (hard‑fail cap at 50%)."", ""Pricing and privacy claims are materially unsupported (hard‑fail cap at 40%). Most restrictive cap applied.""], ""completeness_norm"": 0.67, ""criterion_scores"": [{""id"": ""C1"", ""reason"": ""Compares exactly four AI meeting-assistant options: Zoom AI Companion, Otter.ai, Fireflies.ai, Fathom."", ""score"": 1}, {""id"": ""C2"", ""reason"": ""Includes one platform-integrated option (Zoom AI Companion) and three standalone options (Otter.ai, Fireflies.ai, Fathom)."", ""score"": 1}, {""id"": ""C3"", ""reason"": ""Claims Zoom support for Otter, Fireflies, Fathom, but provides no public source citations to verify support."", ""score"": 0.5}, {""id"": ""C4"", ""reason"": ""Claims Google Meet support for Otter, Fireflies, Fathom, but lacks source citations for verification."", ""score"": 0.5}, {""id"": ""C5"", ""reason"": ""Addresses searchable transcripts for all four options (directly or via general search capability)."", ""score"": 1}, {""id"": ""C6"", ""reason"": ""Action-item extraction mentioned for every option in the Key Features column."", ""score"": 1}, {""id"": ""C7"", ""reason"": ""Speaker identification listed for all four products in the Key Features column."", ""score"": 1}, {""id"": ""C8"", ""reason"": ""Export options explicitly addressed for Otter and Fathom, but not for Zoom AI Companion or Fireflies."", ""score"": 0.5}, {""id"": ""C9"", ""reason"": ""No public sources cited for product capabilities; official documentation or reviews absent."", ""score"": 0}, {""id"": ""C10"", ""reason"": ""No public sources cited for pricing or plan availability."", ""score"": 0}, {""id"": ""C11"", ""reason"": ""Privacy, consent, and data-retention notes included for each tool, with unknowns acknowledged."", ""score"": 1}, {""id"": ""C12"", ""reason"": ""Repeatedly labels unknown retention periods as 'unknown', distinguishing verified facts from gaps."", ""score"": 1}, {""id"": ""C13"", ""reason"": ""Matrix includes all required columns: Product, Standalone or Integrated, Supported Platforms, Key Features, Pricing/Plan Notes, Privacy/Retention Notes, Best Fit, Limitations."", ""score"": 1}, {""id"": ""C14"", ""reason"": ""Market trends discussion present but not supported by citations; relies on general synthesis."", ""score"": 0.5}, {""id"": ""C15"", ""reason"": ""Provides a justified primary recommendation (Fathom + Zoom AI Companion) considering budget and dual-platform needs."", ""score"": 1}, {""id"": ""C16"", ""reason"": ""Tradeoffs mentioned (cost, platform lock-in, feature depth), but ease of use and administration not deeply covered."", ""score"": 0.5}, {""id"": ""C17"", ""reason"": ""Risks, assumptions, and verification notes section (5) is entirely empty."", ""score"": 0}, {""id"": ""C18"", ""reason"": ""No source list provided and no inline citations for factual claims."", ""score"": 0}, {""id"": ""C19"", ""reason"": ""No obviously fabricated claims, but pricing and feature statements are unsupported by citations."", ""score"": 0.5}, {""id"": ""C20"", ""reason"": ""Missing required sections: 5 (Risks/Assumptions/Verification) and 6 (Source List)."", ""score"": 0}], ""detected_failure_risks"": [""Failing to verify Zoom and Google Meet support separately (no citations)."", ""Pricing and privacy claims are materially unsupported.""], ""failure_type"": ""Communication Failure"", ""hallucination_rate"": 0.1, ""helpfulness_raw"": 3, ""notes"": ""The submission is cut off after the start of section 5, resulting in missing required sections and zero source citations. The overall score is capped at 40% due to unsupported pricing/privacy claims."", ""overall_score_cap"": 0.4}"
se-02__manager_worker__deepseek_flash-deepseek-v4-flash__run01__judge-deepseek_pro-deepseek-v4-pro,se-02__manager_worker__deepseek_flash-deepseek-v4-flash__run01,SE-02,manager_worker,Manager-Worker,deepseek,deepseek_flash,deepseek-v4-flash,field-isolated,deepseek,deepseek_pro,deepseek-v4-pro,2,0.25,0.55,2,0.25,0.0,0.4525,0.4525,1.0,[],71.224,15405,0.00281638,6,1.0,2.937e-05,None,,4401,4812,9213,0.00610088,0.00891726,986dcd43c76278017729a527d4e13c3e6beaafdf74791ccc4e3a58a0c003c338,[],"{""accuracy_raw"": 2, ""cap_reasons"": [], ""completeness_norm"": 0.55, ""criterion_scores"": [{""id"": ""C1"", ""reason"": ""Proposes many components but missing monitoring/observability component."", ""score"": 0.5}, {""id"": ""C2"", ""reason"": ""Clear end-to-end data flow from intake to handoff is described."", ""score"": 1}, {""id"": ""C3"", ""reason"": ""Tenant-specific queues and config store mentioned, but logs and metrics separation not explicitly addressed."", ""score"": 0.5}, {""id"": ""C4"", ""reason"": ""Redaction is applied before any AI call, with quarantine when redaction fails; quality check via failure queue."", ""score"": 1}, {""id"": ""C5"", ""reason"": ""Classifies both issue type and urgency and feeds into routing."", ""score"": 1}, {""id"": ""C6"", ""reason"": ""Routes high-risk, low-confidence, and failed tickets to human review."", ""score"": 1}, {""id"": ""C7"", ""reason"": ""Covers AI failure, timeout, low confidence, redaction failure, but does not address rules-engine failure."", ""score"": 0.5}, {""id"": ""C8"", ""reason"": ""Uses queues and fallback to human review; no tickets dropped; backpressure via tenant queue implied."", ""score"": 1}, {""id"": ""C9"", ""reason"": ""Audit logs use redacted content; original ticket encrypted; minimizes sensitive exposure."", ""score"": 1}, {""id"": ""C10"", ""reason"": ""Tenant-specific routing rules allowed, but no mention of validation, versioning, or rollback."", ""score"": 0.5}, {""id"": ""C11"", ""reason"": ""Mentions 10,000/day, 0.12/s average, peak 5x; acknowledges burst traffic."", ""score"": 1}, {""id"": ""C12"", ""reason"": ""Latency budget: 100ms regex + 100ms NER + 800ms AI = 1s, under 2s p95 with fallback."", ""score"": 1}, {""id"": ""C13"", ""reason"": ""Observability not addressed; no metrics, traces, alerts, or quality monitoring mentioned."", ""score"": 0}, {""id"": ""C14"", ""reason"": ""No discussion of tradeoffs between scalability, privacy, reliability, etc."", ""score"": 0}, {""id"": ""C15"", ""reason"": ""Testing plan not provided."", ""score"": 0}, {""id"": ""C16"", ""reason"": ""Phased rollout plan missing."", ""score"": 0}, {""id"": ""C17"", ""reason"": ""Major risks and mitigations section absent."", ""score"": 0}, {""id"": ""C18"", ""reason"": ""Does not follow required 10-section format; missing sections 6-10."", ""score"": 0}, {""id"": ""C19"", ""reason"": ""No unsupported vendor, law, or performance claims."", ""score"": 1}, {""id"": ""C20"", ""reason"": ""No final recommendation provided."", ""score"": 0}], ""detected_failure_risks"": [], ""failure_type"": ""None"", ""hallucination_rate"": 0, ""helpfulness_raw"": 2, ""overall_score_cap"": 1}"
se-02__sequential_handoff__deepseek_flash-deepseek-v4-flash__run01__judge-deepseek_pro-deepseek-v4-pro,se-02__sequential_handoff__deepseek_flash-deepseek-v4-flash__run01,SE-02,sequential_handoff,Sequential Handoff,deepseek,deepseek_flash,deepseek-v4-flash,field-isolated,deepseek,deepseek_pro,deepseek-v4-pro,2,0.25,0.425,2,0.25,0.05,0.4075,0.4075,1.0,[],37.682,9020,0.0017248,3,0.75,4.518e-05,None,Candidate submission truncated; missing sections 5-10 entirely. Includes unsupported third-party API latency claim.,4410,4603,9013,0.00592296,0.00764776,986dcd43c76278017729a527d4e13c3e6beaafdf74791ccc4e3a58a0c003c338,[],"{""accuracy_raw"": 2, ""cap_reasons"": [], ""completeness_norm"": 0.425, ""criterion_scores"": [{""id"": ""C1"", ""reason"": ""Lists main components but missing explicit configuration management and storage details; text description is coherent but not fully detailed."", ""score"": 0.5}, {""id"": ""C2"", ""reason"": ""Clear step-by-step end-to-end data flow provided."", ""score"": 1}, {""id"": ""C3"", ""reason"": ""Mentions partitioned queue by tenant and tenant-specific rules, but lacks explicit access controls or log separation."", ""score"": 0.5}, {""id"": ""C4"", ""reason"": ""Redaction occurs before AI call, but no mechanism described for checking redaction quality."", ""score"": 0.5}, {""id"": ""C5"", ""reason"": ""Classifies issue type, urgency, confidence score; outputs used in routing."", ""score"": 1}, {""id"": ""C6"", ""reason"": ""Routes high-risk to High-Risk Queue and low-confidence to Human Review Queue."", ""score"": 1}, {""id"": ""C7"", ""reason"": ""Covers AI unavailability and rules-engine failure, but not redaction failure handling; fallback to manual processing mentioned."", ""score"": 0.5}, {""id"": ""C8"", ""reason"": ""Timeout and circuit breaker mentioned, but no retries, backpressure, or explicit dead-letter queue."", ""score"": 0.5}, {""id"": ""C9"", ""reason"": ""Audit logger records state changes immutably, but unclear if sensitive data is minimized; reference to original payload may be acceptable."", ""score"": 0.5}, {""id"": ""C10"", ""reason"": ""Tenant-specific routing rules included, but no validation, versioning, or rollback mentioned."", ""score"": 0.5}, {""id"": ""C11"", ""reason"": ""Provides throughput calculation (10,000/day, 0.12 avg) and acknowledges peak at 5x."", ""score"": 1}, {""id"": ""C12"", ""reason"": ""Mentions 2-second p95 target includes all steps and AI timeout 1s, but no detailed latency budget breakdown."", ""score"": 0.5}, {""id"": ""C13"", ""reason"": ""Observability stack collects metrics, logs, traces, but alerts and quality monitoring not explicitly addressed."", ""score"": 0.5}, {""id"": ""C14"", ""reason"": ""No discussion of tradeoffs or balance among scalability, privacy, reliability, etc."", ""score"": 0}, {""id"": ""C15"", ""reason"": ""Testing plan not provided."", ""score"": 0}, {""id"": ""C16"", ""reason"": ""Rollout plan not provided."", ""score"": 0}, {""id"": ""C17"", ""reason"": ""Major risks and mitigations not identified."", ""score"": 0}, {""id"": ""C18"", ""reason"": ""Only sections 1-4 and part of 5 are present; missing sections 6-10."", ""score"": 0}, {""id"": ""C19"", ""reason"": ""Claims third-party API has typical latency 500ms, an unsupported performance number."", ""score"": 0}, {""id"": ""C20"", ""reason"": ""Final recommendation not provided."", ""score"": 0}], ""detected_failure_risks"": [""Omitting redaction validation and failure handling"", ""Making unsupported compliance or vendor-performance claims.""], ""failure_type"": ""None"", ""hallucination_rate"": 0.05, ""helpfulness_raw"": 2, ""notes"": ""Candidate submission truncated; missing sections 5-10 entirely. Includes unsupported third-party API latency claim."", ""overall_score_cap"": 1}"
se-02__shared_blackboard__deepseek_flash-deepseek-v4-flash__run01__judge-deepseek_pro-deepseek-v4-pro,se-02__shared_blackboard__deepseek_flash-deepseek-v4-flash__run01,SE-02,shared_blackboard,Shared Blackboard,deepseek,deepseek_flash,deepseek-v4-flash,field-isolated,deepseek,deepseek_pro,deepseek-v4-pro,3,0.5,0.425,2,0.25,0.0,0.5025,0.5025,0.7,"[""Throughput and latency reasoning are absent (hard‑fail rule caps score at 70%).""]",52.63,11412,0.00210462,4,0.8,4.403e-05,None,,4396,4890,9286,0.00616656,0.00827118,986dcd43c76278017729a527d4e13c3e6beaafdf74791ccc4e3a58a0c003c338,[],"{""accuracy_raw"": 3, ""cap_reasons"": [""Throughput and latency reasoning are absent (hard‑fail rule caps score at 70%).""], ""completeness_norm"": 0.6, ""criterion_scores"": [{""id"": ""C1"", ""reason"": ""Proposes ingestion gateway, Kafka queueing, redaction, AI classification, router, human review queue, audit log, and monitoring; components are coherent."", ""score"": 1}, {""id"": ""C2"", ""reason"": ""Section 3 provides end-to-end flow from intake to final handoff including redaction, classification, routing, and human review steps."", ""score"": 1}, {""id"": ""C3"", ""reason"": ""Mentions Kafka partitioning by tenant, tenant-specific topics, tenant ID in logs; but lacks explicit detail on storage, metrics, and access-control isolation."", ""score"": 0.5}, {""id"": ""C4"", ""reason"": ""Redaction clearly occurs before third‑party model call, but no explanation of how redaction quality is checked."", ""score"": 0.5}, {""id"": ""C5"", ""reason"": ""AI classifier returns issue type and urgency; router uses both for routing decisions."", ""score"": 1}, {""id"": ""C6"", ""reason"": ""Pre‑classification can route to human review for known patterns; low‑confidence tickets go to fallback queue (retry) rather than explicitly to human review."", ""score"": 0.5}, {""id"": ""C7"", ""reason"": ""Handles AI unavailability/uncertainty via fallback queue; no mention of fail‑safe for redaction failure or rules‑engine failure."", ""score"": 0.5}, {""id"": ""C8"", ""reason"": ""Retries and circuit breaker for AI calls, Kafka for backpressure; explicit timeouts and dead‑letter handling only partially addressed."", ""score"": 0.5}, {""id"": ""C9"", ""reason"": ""Audit log service stores redacted tickets and routing decisions; log retention included; minimizes sensitive data exposure."", ""score"": 1}, {""id"": ""C10"", ""reason"": ""Tenant‑specific routing rules are mentioned, but no validation, versioning, rollback, or approval process described."", ""score"": 0.5}, {""id"": ""C11"", ""reason"": ""No throughput reasoning or burst‑traffic acknowledgement provided; section 8 is missing."", ""score"": 0}, {""id"": ""C12"", ""reason"": ""No latency budget, timeouts, or 2‑second p95 reasoning; section on latency is absent."", ""score"": 0}, {""id"": ""C13"", ""reason"": ""Mentions Prometheus/Grafana for metrics and alerts, but no tracing or quality monitoring described."", ""score"": 0.5}, {""id"": ""C14"", ""reason"": ""No explicit trade‑off discussion balancing scalability, privacy, reliability, observability, complexity, or cost."", ""score"": 0}, {""id"": ""C15"", ""reason"": ""Testing plan (unit, integration, redaction, rules, isolation, load, failure injection) is entirely missing."", ""score"": 0}, {""id"": ""C16"", ""reason"": ""No phased rollout plan, shadow mode, or rollback criteria provided."", ""score"": 0}, {""id"": ""C17"", ""reason"": ""Major risks and mitigations section (privacy leakage, misrouting, latency, misconfiguration, model drift, etc.) is missing."", ""score"": 0}, {""id"": ""C18"", ""reason"": ""Required ten‑section format not followed; sections 5–10 are missing."", ""score"": 0}, {""id"": ""C19"", ""reason"": ""No unsupported vendor, law, certification, exact‑cost, or model‑performance claims found."", ""score"": 1}, {""id"": ""C20"", ""reason"": ""Final recommendation is missing; the submission ends abruptly without a conclusion."", ""score"": 0}], ""detected_failure_risks"": [""Providing no latency or throughput reasoning."", ""Omitting redaction validation and failure handling.""], ""failure_type"": ""None"", ""hallucination_rate"": 0, ""helpfulness_raw"": 2, ""overall_score_cap"": 0.7}"
se-02__single_agent__deepseek_flash-deepseek-v4-flash__run01__judge-deepseek_pro-deepseek-v4-pro,se-02__single_agent__deepseek_flash-deepseek-v4-flash__run01,SE-02,single_agent,Single Agent,deepseek,deepseek_flash,deepseek-v4-flash,field-isolated,deepseek,deepseek_pro,deepseek-v4-pro,3,0.5,0.525,2,0.25,0.0,0.5325,0.5325,1.0,[],17.716,1541,0.00038374,0,0.0,0.00034555,None,,4422,3446,7868,0.00492159,0.00530533,986dcd43c76278017729a527d4e13c3e6beaafdf74791ccc4e3a58a0c003c338,[],"{""accuracy_raw"": 3, ""cap_reasons"": [], ""completeness_norm"": 0.525, ""criterion_scores"": [{""id"": ""C1"", ""reason"": ""Coherent architecture with ingestion, queuing, redaction, classification, routing, human review, audit logging, monitoring, and configuration components listed."", ""score"": 1}, {""id"": ""C2"", ""reason"": ""End-to-end data flow described from ticket intake through classification, routing, review, and logging."", ""score"": 1}, {""id"": ""C3"", ""reason"": ""Tenant separation addressed via queue partitions, database schemas, and role-based access controls."", ""score"": 1}, {""id"": ""C4"", ""reason"": ""PII redaction placed before third-party model call, but no mechanism described to check redaction quality or handle redaction failures."", ""score"": 0.5}, {""id"": ""C5"", ""reason"": ""Classification service outputs both issue type and urgency, and these are used by routing engine."", ""score"": 1}, {""id"": ""C6"", ""reason"": ""High-risk, uncertain, or low-confidence tickets routed to human review queue."", ""score"": 1}, {""id"": ""C7"", ""reason"": ""Fail-safe for AI unavailability/timeout covered; redaction failure or rules-engine failure not addressed."", ""score"": 0.5}, {""id"": ""C8"", ""reason"": ""AI failure leads to human review, but no retries, backpressure, or dead-letter queues described."", ""score"": 0.5}, {""id"": ""C9"", ""reason"": ""Audit logs are immutable and include tenant ID, but storing original ticket with access control may not fully minimize exposure; no explicit minimization strategy beyond access control."", ""score"": 0.5}, {""id"": ""C10"", ""reason"": ""Tenant-specific routing rules exist, but no validation, versioning, rollback, or approval process for configuration changes."", ""score"": 0.5}, {""id"": ""C11"", ""reason"": ""Peak traffic acknowledged, but no simple throughput calculation or explicit reasoning about burst handling capacity."", ""score"": 0.5}, {""id"": ""C12"", ""reason"": ""2-second p95 latency target mentioned, but no latency budget, timeouts, or fast fallback path reasoned."", ""score"": 0.5}, {""id"": ""C13"", ""reason"": ""Metrics, alerts, and audit logging included, but missing tracing, quality monitoring, or explicit observability narrative."", ""score"": 0.5}, {""id"": ""C14"", ""reason"": ""Components suggest balance, but no explicit tradeoff discussion among scalability, privacy, reliability, etc."", ""score"": 0.5}, {""id"": ""C15"", ""reason"": ""No testing plan provided in the incomplete submission."", ""score"": 0}, {""id"": ""C16"", ""reason"": ""No phased rollout plan included."", ""score"": 0}, {""id"": ""C17"", ""reason"": ""No risks and mitigations section present."", ""score"": 0}, {""id"": ""C18"", ""reason"": ""Submission incomplete, with only 6 of 10 required sections visible."", ""score"": 0}, {""id"": ""C19"", ""reason"": ""No unsupported vendor, law, certification, or exact-cost claims detected."", ""score"": 1}, {""id"": ""C20"", ""reason"": ""No actionable final recommendation provided due to truncation."", ""score"": 0}], ""detected_failure_risks"": [""Omitting redaction validation and failure handling.""], ""failure_type"": ""None"", ""hallucination_rate"": 0, ""helpfulness_raw"": 2, ""overall_score_cap"": 1}"
sp-02__manager_worker__deepseek_flash-deepseek-v4-flash__run01__judge-deepseek_pro-deepseek-v4-pro,sp-02__manager_worker__deepseek_flash-deepseek-v4-flash__run01,SP-02,manager_worker,Manager-Worker,deepseek,deepseek_flash,deepseek-v4-flash,field-isolated,deepseek,deepseek_pro,deepseek-v4-pro,3,0.5,0.525,2,0.25,0.0,0.5325,0.5325,0.6,"[""Escalation safeguards are missing; no governance and escalation process defined.""]",62.969,15918,0.00291158,6,1.0,3.345e-05,None,,4376,3265,7641,0.00474411,0.00765569,986dcd43c76278017729a527d4e13c3e6beaafdf74791ccc4e3a58a0c003c338,[],"{""accuracy_raw"": 3, ""cap_reasons"": [""Escalation safeguards are missing; no governance and escalation process defined.""], ""completeness_norm"": 0.65, ""criterion_scores"": [{""id"": ""C1"", ""reason"": ""Roadmap has phases, tasks, owners, deliverables, and milestones across all weeks."", ""score"": 1}, {""id"": ""C2"", ""reason"": ""Covers 12 weeks and sequencing is implied, but explicit dependencies are not stated."", ""score"": 0.5}, {""id"": ""C3"", ""reason"": ""Explicitly mentions two courses and 300 students in executive summary, goals, and deployment tasks."", ""score"": 1}, {""id"": ""C4"", ""reason"": ""Roles and responsibilities are assigned to the specified team members in the roadmap and stakeholder map."", ""score"": 1}, {""id"": ""C5"", ""reason"": ""Budget broken down by phase and totals exactly $5,000."", ""score"": 1}, {""id"": ""C6"", ""reason"": ""Clearly states assistant answers only from instructor-approved materials and includes task to define scope."", ""score"": 1}, {""id"": ""C7"", ""reason"": ""Hallucination safeguards include RAG with confidence threshold and monitoring."", ""score"": 1}, {""id"": ""C8"", ""reason"": ""Privacy filter and no-PII policy mentioned, but no data minimization or retention details."", ""score"": 0.5}, {""id"": ""C9"", ""reason"": ""Academic-integrity notice is included, but no explicit filtering of homework/exam questions."", ""score"": 0.5}, {""id"": ""C10"", ""reason"": ""Escalation process is not defined; governance section missing."", ""score"": 0}, {""id"": ""C11"", ""reason"": ""Stakeholder map table includes all required roles."", ""score"": 1}, {""id"": ""C12"", ""reason"": ""Risk register section is entirely missing."", ""score"": 0}, {""id"": ""C13"", ""reason"": ""Some success metrics defined (adoption, accuracy, escalation), but no student satisfaction target or other metrics."", ""score"": 0.5}, {""id"": ""C14"", ""reason"": ""No data collection plan described."", ""score"": 0}, {""id"": ""C15"", ""reason"": ""Governance rules section missing."", ""score"": 0}, {""id"": ""C16"", ""reason"": ""Go/no-go criteria section missing."", ""score"": 0}, {""id"": ""C17"", ""reason"": ""No invented university policies, laws, or completed results."", ""score"": 1}, {""id"": ""C18"", ""reason"": ""Plan attempts balance but is incomplete due to missing sections."", ""score"": 0.5}, {""id"": ""C19"", ""reason"": ""Only five of ten required sections are provided."", ""score"": 0}, {""id"": ""C20"", ""reason"": ""No final recommendation provided."", ""score"": 0}], ""detected_failure_risks"": [""Missing measurable success metrics or expansion decision gates"", ""Assuming expansion without a go/no-go framework""], ""failure_type"": ""None"", ""hallucination_rate"": 0, ""helpfulness_raw"": 2, ""overall_score_cap"": 0.6}"
sp-02__sequential_handoff__deepseek_flash-deepseek-v4-flash__run01__judge-deepseek_pro-deepseek-v4-pro,sp-02__sequential_handoff__deepseek_flash-deepseek-v4-flash__run01,SP-02,sequential_handoff,Sequential Handoff,deepseek,deepseek_flash,deepseek-v4-flash,field-isolated,deepseek,deepseek_pro,deepseek-v4-pro,3,0.5,0.675,2,0.25,0.0,0.5775,0.5775,0.6,"[""Escalation safeguards are not fully defined and the governance and escalation process section is missing, triggering the cap for missing safeguards.""]",40.855,8956,0.00171514,3,0.75,6.448e-05,Coordination Failure,,4415,5268,9683,0.00650369,0.00821883,986dcd43c76278017729a527d4e13c3e6beaafdf74791ccc4e3a58a0c003c338,[],"{""accuracy_raw"": 3, ""cap_reasons"": [""Escalation safeguards are not fully defined and the governance and escalation process section is missing, triggering the cap for missing safeguards.""], ""completeness_norm"": 0.725, ""criterion_scores"": [{""id"": ""C1"", ""reason"": ""Provides a coherent roadmap table with phases, tasks, owners, and deliverables across weeks 1-12."", ""score"": 1}, {""id"": ""C2"", ""reason"": ""Roadmap covers all 12 weeks with sequential phases implying dependencies."", ""score"": 1}, {""id"": ""C3"", ""reason"": ""Addresses two courses and approximately 300 students."", ""score"": 1}, {""id"": ""C4"", ""reason"": ""Assigns tasks to faculty sponsor, developers, and TA with realistic effort and stipends."", ""score"": 1}, {""id"": ""C5"", ""reason"": ""Budget totals exactly $5,000 with plausible allocations."", ""score"": 1}, {""id"": ""C6"", ""reason"": ""Explicitly restricts answers to approved materials and describes ingestion into vector database."", ""score"": 1}, {""id"": ""C7"", ""reason"": ""Includes confidence threshold, refusal, citation, and RAG pipeline as hallucination safeguards."", ""score"": 1}, {""id"": ""C8"", ""reason"": ""Mentions anonymized logs and no PII storage, but lacks details on retention, access control."", ""score"": 0.5}, {""id"": ""C9"", ""reason"": ""Refusal to answer assignment/exam questions addresses academic integrity."", ""score"": 1}, {""id"": ""C10"", ""reason"": ""Escalation button mentioned but no detailed process for different escalation types."", ""score"": 0.5}, {""id"": ""C11"", ""reason"": ""Stakeholder map includes all required roles."", ""score"": 1}, {""id"": ""C12"", ""reason"": ""Risk register includes most required risks but omits support burden and scope creep."", ""score"": 0.5}, {""id"": ""C13"", ""reason"": ""Defines some success metrics but lacks citation accuracy, TA workload, adoption, latency, etc."", ""score"": 0.5}, {""id"": ""C14"", ""reason"": ""Data collection methods given but not thoroughly explained regarding privacy protection."", ""score"": 0.5}, {""id"": ""C15"", ""reason"": ""Governance and escalation process section completely missing."", ""score"": 0}, {""id"": ""C16"", ""reason"": ""Go/no-go decision criteria section missing, no expansion thresholds provided."", ""score"": 0}, {""id"": ""C17"", ""reason"": ""No invented policies, completed results, or external claims."", ""score"": 1}, {""id"": ""C18"", ""reason"": ""Plan attempts to balance safety, budget, and team capacity."", ""score"": 1}, {""id"": ""C19"", ""reason"": ""Missing sections 8, 9, and 10; only 7 of 10 required sections present."", ""score"": 0}, {""id"": ""C20"", ""reason"": ""Final recommendation section missing."", ""score"": 0}], ""detected_failure_risks"": [""Missing measurable success metrics or expansion decision gates"", ""Ignoring escalation to human staff""], ""failure_type"": ""Coordination Failure"", ""hallucination_rate"": 0, ""helpfulness_raw"": 2, ""overall_score_cap"": 0.6}"
sp-02__shared_blackboard__deepseek_flash-deepseek-v4-flash__run01__judge-deepseek_pro-deepseek-v4-pro,sp-02__shared_blackboard__deepseek_flash-deepseek-v4-flash__run01,SP-02,shared_blackboard,Shared Blackboard,deepseek,deepseek_flash,deepseek-v4-flash,field-isolated,deepseek,deepseek_pro,deepseek-v4-pro,4,0.75,0.8,4,0.75,0.0,0.8025,0.8025,1.0,[],45.67,11034,0.0020328,4,0.8,7.273e-05,None,The plan covers most requirements but missing final recommendation and some metrics/risks are underspecified; no hard cap triggered.,4356,5977,10333,0.00709485,0.00912765,986dcd43c76278017729a527d4e13c3e6beaafdf74791ccc4e3a58a0c003c338,[],"{""accuracy_raw"": 4, ""cap_reasons"": [], ""completeness_norm"": 0.8, ""criterion_scores"": [{""id"": ""C1"", ""reason"": ""Roadmap table covers phases, tasks, owners, deliverables, and a milestone checkpoint."", ""score"": 1}, {""id"": ""C2"", ""reason"": ""All 12 weeks covered in phases with clear sequencing."", ""score"": 1}, {""id"": ""C3"", ""reason"": ""Explicitly mentions two courses and approx 300 students."", ""score"": 1}, {""id"": ""C4"", ""reason"": ""Realistically assigns roles to faculty sponsor, two developers, and TA."", ""score"": 1}, {""id"": ""C5"", ""reason"": ""Budget totals exactly $5,000 with plausible allocations."", ""score"": 1}, {""id"": ""C6"", ""reason"": ""Clearly states answers restricted to instructor-approved materials; describes retrieval from approved docs."", ""score"": 1}, {""id"": ""C7"", ""reason"": ""Includes confidence threshold and human review for hallucination safeguard."", ""score"": 1}, {""id"": ""C8"", ""reason"": ""Mentions no PII storage and anonymized logs but lacks detail on access control, retention specifics, or data minimization beyond anonymization."", ""score"": 0.5}, {""id"": ""C9"", ""reason"": ""Includes academic-integrity notice and escalation button but does not specifically address homework/exam questions or policy-sensitive answers."", ""score"": 0.5}, {""id"": ""C10"", ""reason"": ""Escalation button to TA and defined process for TA to escalate to faculty for incorrect answers."", ""score"": 1}, {""id"": ""C11"", ""reason"": ""Stakeholder map lists faculty, developers, TA, students, department head."", ""score"": 1}, {""id"": ""C12"", ""reason"": ""Risk register includes hallucination, privacy, academic integrity but omits adoption, support burden, and scope creep risks."", ""score"": 0.5}, {""id"": ""C13"", ""reason"": ""Defines some measurable metrics but lacks citation accuracy, TA workload, adoption rate, latency."", ""score"": 0.5}, {""id"": ""C14"", ""reason"": ""Describes automated anonymized logs, TA audits, survey, budget tracking; avoids over-collection."", ""score"": 1}, {""id"": ""C15"", ""reason"": ""Governance includes content update approvals, ownership, monitoring, and incident review."", ""score"": 1}, {""id"": ""C16"", ""reason"": ""Provides Go/No-go criteria but does not include a revise/extend option between expand and stop."", ""score"": 0.5}, {""id"": ""C17"", ""reason"": ""No invented university policies, laws, or completed results; assumptions labeled."", ""score"": 1}, {""id"": ""C18"", ""reason"": ""Balances usefulness, safety, privacy, budget, and team capacity."", ""score"": 1}, {""id"": ""C19"", ""reason"": ""Includes all ten section headings but section 10 Final recommendation has no content."", ""score"": 0.5}, {""id"": ""C20"", ""reason"": ""Final recommendation section is empty, so no recommendation consistent with evidence and decision gates."", ""score"": 0}], ""detected_failure_risks"": [""Missing measurable success metrics or expansion decision gates.""], ""failure_type"": ""None"", ""hallucination_rate"": 0.0, ""helpfulness_raw"": 4, ""notes"": ""The plan covers most requirements but missing final recommendation and some metrics/risks are underspecified; no hard cap triggered."", ""overall_score_cap"": 1.0}"
sp-02__single_agent__deepseek_flash-deepseek-v4-flash__run01__judge-deepseek_pro-deepseek-v4-pro,sp-02__single_agent__deepseek_flash-deepseek-v4-flash__run01,SP-02,single_agent,Single Agent,deepseek,deepseek_flash,deepseek-v4-flash,field-isolated,deepseek,deepseek_pro,deepseek-v4-pro,3,0.5,0.7,3,0.5,0.0,0.635,0.635,0.7,"[""Go/no-go criteria are missing entirely (hard cap rule 70%).""]",15.973,1530,0.0003822,0,0.0,0.00041503,Communication Failure,"Submission is incomplete, cutting off mid-section 7. Missing governance, go/no-go, and final recommendation. Some risks and metrics are partial. Budget totals exactly $5,000.",4393,4661,9054,0.00596602,0.00634822,986dcd43c76278017729a527d4e13c3e6beaafdf74791ccc4e3a58a0c003c338,[],"{""accuracy_raw"": 3, ""cap_reasons"": [""Go/no-go criteria are missing entirely (hard cap rule 70%).""], ""completeness_norm"": 0.65, ""criterion_scores"": [{""id"": ""C1"", ""reason"": ""Roadmap table covers 12 weeks with phases, tasks, owners, deliverables."", ""score"": 1}, {""id"": ""C2"", ""reason"": ""All 12 weeks are covered sequentially with implied dependencies."", ""score"": 1}, {""id"": ""C3"", ""reason"": ""Explicitly mentions two courses and ~300 students."", ""score"": 1}, {""id"": ""C4"", ""reason"": ""Tasks are assigned to faculty, developers, and TA, matching their roles."", ""score"": 1}, {""id"": ""C5"", ""reason"": ""Budget items total exactly $5,000 with plausible allocation."", ""score"": 1}, {""id"": ""C6"", ""reason"": ""Multiple mentions of answering only from instructor-approved materials and a foundation step to define them."", ""score"": 1}, {""id"": ""C7"", ""reason"": ""Hallucination safeguards include retrieval-augmented generation, confidence threshold, and TA review."", ""score"": 1}, {""id"": ""C8"", ""reason"": ""Privacy safeguards include anonymization, no personal data storage, and encrypted connections."", ""score"": 1}, {""id"": ""C9"", ""reason"": ""Academic-integrity safeguards include restricting to factual answers, no essay generation, and integrity warning."", ""score"": 1}, {""id"": ""C10"", ""reason"": ""Escalation is mentioned but lacks specific criteria (e.g., uncertainty, sensitive issues)."", ""score"": 0.5}, {""id"": ""C11"", ""reason"": ""Stakeholder map includes all required roles and affected users."", ""score"": 1}, {""id"": ""C12"", ""reason"": ""Risk register covers hallucination, privacy, adoption, academic integrity, but omits support burden and scope creep."", ""score"": 0.5}, {""id"": ""C13"", ""reason"": ""Some success metrics are defined (accuracy, hallucination, escalation, satisfaction, usage) but missing citation accuracy, TA workload, latency, safety incidents."", ""score"": 0.5}, {""id"": ""C14"", ""reason"": ""Data collection plan is started but cut off; mentions logging and anonymization but incomplete."", ""score"": 0.5}, {""id"": ""C15"", ""reason"": ""Section 8 (Governance) is missing entirely."", ""score"": 0}, {""id"": ""C16"", ""reason"": ""Section 9 (Go/no-go criteria) is missing entirely."", ""score"": 0}, {""id"": ""C17"", ""reason"": ""No invented policies, results, or unsupported claims; assumptions are labeled."", ""score"": 1}, {""id"": ""C18"", ""reason"": ""Plan balances constraints and requirements reasonably."", ""score"": 1}, {""id"": ""C19"", ""reason"": ""Only 7 of 10 required sections are present; sections 8–10 are missing."", ""score"": 0}, {""id"": ""C20"", ""reason"": ""No final recommendation provided due to truncation."", ""score"": 0}], ""detected_failure_risks"": [""Missing measurable success metrics or expansion decision gates."", ""Assuming expansion without a go/no-go framework.""], ""failure_type"": ""Communication Failure"", ""hallucination_rate"": 0, ""helpfulness_raw"": 3, ""notes"": ""Submission is incomplete, cutting off mid-section 7. Missing governance, go/no-go, and final recommendation. Some risks and metrics are partial. Budget totals exactly $5,000."", ""overall_score_cap"": 0.7}"
ta-02__manager_worker__deepseek_flash-deepseek-v4-flash__run01__judge-deepseek_pro-deepseek-v4-pro,ta-02__manager_worker__deepseek_flash-deepseek-v4-flash__run01,TA-02,manager_worker,Manager-Worker,deepseek,deepseek_flash,deepseek-v4-flash,field-isolated,deepseek,deepseek_pro,deepseek-v4-pro,5,1.0,0.9333,5,1.0,0.0,0.98,0.98,1.0,[],45.809,10062,0.0018368,6,1.0,9.74e-05,None,,3402,3100,6502,0.00417687,0.00601367,986dcd43c76278017729a527d4e13c3e6beaafdf74791ccc4e3a58a0c003c338,[],"{""accuracy_raw"": 5, ""cap_reasons"": [], ""completeness_norm"": 0.93, ""criterion_scores"": [{""id"": ""C1"", ""reason"": ""Accurately describes BM25 as using TF, IDF, document-length normalization, and exact term matching."", ""score"": 1}, {""id"": ""C2"", ""reason"": ""Correctly explains dense embedding search as vector-based retrieval using neural networks and cosine similarity."", ""score"": 1}, {""id"": ""C3"", ""reason"": ""Clearly contrasts lexical (exact overlap) vs. semantic (vector similarity) matching in the matching behavior row."", ""score"": 1}, {""id"": ""C4"", ""reason"": ""BM25's strength for exact phrases, IDs, and rare terms is emphasized, and contrasted with dense search weakness."", ""score"": 1}, {""id"": ""C5"", ""reason"": ""Explicitly states that dense embeddings handle synonyms well, with example of 'car' retrieving 'automobile'."", ""score"": 1}, {""id"": ""C6"", ""reason"": ""Notes dense search fails on exact identifiers and rare technical terms, aligning with blurring of exact lookup."", ""score"": 1}, {""id"": ""C7"", ""reason"": ""Compares inverted index vs. embedding model and vector DB, covering indexing, embedding generation, and storage."", ""score"": 1}, {""id"": ""C8"", ""reason"": ""Latency comparison uses illustrative ranges without specific measured numbers and mentions operational complexity."", ""score"": 1}, {""id"": ""C9"", ""reason"": ""Mentions vocabulary mismatch but omits keyword stuffing/noisy matches; only one failure mode fully described."", ""score"": 0.5}, {""id"": ""C10"", ""reason"": ""Covers semantic drift and rare ID failure, but does not mention stale embeddings or threshold tuning."", ""score"": 0.5}, {""id"": ""C11"", ""reason"": ""Recommendation explicitly tied to 500-document FAQ, small company, and practical concerns like latency and cost."", ""score"": 1}, {""id"": ""C12"", ""reason"": ""BM25-only recommendation is justified without claiming universal superiority; acknowledges limits of dense at this scale."", ""score"": 1}, {""id"": ""C13"", ""reason"": ""Two risks (vocabulary mismatch, misspelling) with actionable mitigations (synonym table, fuzzy matching)."", ""score"": 1}, {""id"": ""C14"", ""reason"": ""Follows the prescribed five-section format exactly, including a comparison table."", ""score"": 1}, {""id"": ""C15"", ""reason"": ""No external citations, vendor claims, or invented performance numbers; all statements are conceptual."", ""score"": 1}], ""detected_failure_risks"": [], ""failure_type"": ""None"", ""hallucination_rate"": 0, ""helpfulness_raw"": 5, ""overall_score_cap"": 1}"
ta-02__sequential_handoff__deepseek_flash-deepseek-v4-flash__run01__judge-deepseek_pro-deepseek-v4-pro,ta-02__sequential_handoff__deepseek_flash-deepseek-v4-flash__run01,TA-02,sequential_handoff,Sequential Handoff,deepseek,deepseek_flash,deepseek-v4-flash,field-isolated,deepseek,deepseek_pro,deepseek-v4-pro,4,0.75,0.7333,4,0.75,0.1,0.7675,0.7675,1.0,[],31.232,6837,0.00131348,3,0.75,0.00011226,None,"The answer invents concrete latency numbers (sub‑10ms and tens to hundreds of ms) without labeling them as illustrative, violating the no‑invented‑performance‑numbers rule.",3379,4431,7810,0.00532483,0.00663831,986dcd43c76278017729a527d4e13c3e6beaafdf74791ccc4e3a58a0c003c338,[],"{""accuracy_raw"": 4, ""cap_reasons"": [], ""completeness_norm"": 0.7, ""criterion_scores"": [{""id"": ""C1"", ""reason"": ""BM25 is correctly described as a ranking function based on term frequency and inverse document frequency."", ""score"": 1}, {""id"": ""C2"", ""reason"": ""Dense embedding search is correctly explained as vector-based semantic retrieval using learned embeddings and similarity."", ""score"": 1}, {""id"": ""C3"", ""reason"": ""Clear contrast between lexical matching and semantic matching is provided in the definitions and table."", ""score"": 1}, {""id"": ""C4"", ""reason"": ""BM25's strength for exact phrase and identifier lookup is explicitly stated, with dense search noted as poor in this area."", ""score"": 1}, {""id"": ""C5"", ""reason"": ""Dense embeddings' ability to handle synonyms and paraphrases is clearly explained."", ""score"": 1}, {""id"": ""C6"", ""reason"": ""Mentions that dense search can fail on exact identifiers or rare strings, but does not address numbers or negation-sensitive distinctions."", ""score"": 0.5}, {""id"": ""C7"", ""reason"": ""Covers indexes, embedding generation, and vector storage, but update workflows are not mentioned."", ""score"": 0.5}, {""id"": ""C8"", ""reason"": ""Invented latency numbers (sub‑10ms, tens to hundreds of milliseconds) are given without being clearly labeled as illustrative."", ""score"": 0}, {""id"": ""C9"", ""reason"": ""BM25 failure modes include vocabulary and synonym mismatch, but keyword stuffing/noisy matches are omitted."", ""score"": 0.5}, {""id"": ""C10"", ""reason"": ""Mentions semantic drift and poor exact lookup, but stale embeddings are not addressed."", ""score"": 0.5}, {""id"": ""C11"", ""reason"": ""Recommendation is justified and directly tied to the 500‑document, small‑company FAQ scenario."", ""score"": 1}, {""id"": ""C12"", ""reason"": ""Recommends BM25 as primary with a nuanced note on adding a hybrid approach later; no claim of universal superiority."", ""score"": 1}, {""id"": ""C13"", ""reason"": ""Two failure risks (paraphrase mismatch, typos/abbreviations) are provided with practical mitigations."", ""score"": 1}, {""id"": ""C14"", ""reason"": ""Output follows the required five‑section format, including a comparison table."", ""score"": 1}, {""id"": ""C15"", ""reason"": ""Uses invented performance numbers for latency (sub‑10ms, tens to hundreds of ms)."", ""score"": 0}], ""detected_failure_risks"": [""Inventing latency or accuracy numbers.""], ""failure_type"": ""None"", ""hallucination_rate"": 0.1, ""helpfulness_raw"": 4, ""notes"": ""The answer invents concrete latency numbers (sub‑10ms and tens to hundreds of ms) without labeling them as illustrative, violating the no‑invented‑performance‑numbers rule."", ""overall_score_cap"": 1}"
ta-02__shared_blackboard__deepseek_flash-deepseek-v4-flash__run01__judge-deepseek_pro-deepseek-v4-pro,ta-02__shared_blackboard__deepseek_flash-deepseek-v4-flash__run01,TA-02,shared_blackboard,Shared Blackboard,deepseek,deepseek_flash,deepseek-v4-flash,field-isolated,deepseek,deepseek_pro,deepseek-v4-pro,5,1.0,0.9,5,1.0,0.0,0.97,0.97,1.0,[],47.163,12000,0.0021959,4,0.8,8.083e-05,None,,3520,3866,7386,0.00489462,0.00709052,986dcd43c76278017729a527d4e13c3e6beaafdf74791ccc4e3a58a0c003c338,[],"{""accuracy_raw"": 5, ""cap_reasons"": [], ""completeness_norm"": 0.9, ""criterion_scores"": [{""id"": ""C1"", ""reason"": ""Mentions term frequency, document-length normalization, and term rarity (IDF) with literal matching."", ""score"": 1}, {""id"": ""C2"", ""reason"": ""Describes conversion to vectors and semantic similarity search capturing meaning."", ""score"": 1}, {""id"": ""C3"", ""reason"": ""Table contrasts exact term/stem overlap vs semantic similarity plainly."", ""score"": 1}, {""id"": ""C4"", ""reason"": ""Explicitly states BM25 can match exact phrases and IDs via phrase queries while dense cannot preserve exact strings."", ""score"": 1}, {""id"": ""C5"", ""reason"": ""States dense search naturally handles synonyms due to similar vector representations."", ""score"": 1}, {""id"": ""C6"", ""reason"": ""Mentions poor exact match and rare terms, but does not specifically address numbers, proper nouns, or negation-sensitive distinctions."", ""score"": 0.5}, {""id"": ""C7"", ""reason"": ""Compares inverted index vs model+vector database, and mentions update costs in recommendation."", ""score"": 1}, {""id"": ""C8"", ""reason"": ""Describes latency qualitatively without invented numbers."", ""score"": 1}, {""id"": ""C9"", ""reason"": ""Covers vocabulary mismatch and synonym mismatch, but does not mention keyword stuffing/noisy matches."", ""score"": 0.5}, {""id"": ""C10"", ""reason"": ""Covers semantic false positives (irrelevant results) and poor exact lookup, but omits stale embeddings and threshold tuning."", ""score"": 0.5}, {""id"": ""C11"", ""reason"": ""Recommendation is directly tied to the small company with 500 FAQ documents, justifying simplicity and cost."", ""score"": 1}, {""id"": ""C12"", ""reason"": ""Recommends BM25 for this scenario, considers hybrid overkill, avoids universal claims."", ""score"": 1}, {""id"": ""C13"", ""reason"": ""Provides two risks (synonym mismatch, out-of-vocabulary) with practical mitigations (query expansion, fuzzy fallback)."", ""score"": 1}, {""id"": ""C14"", ""reason"": ""Follows the required five sections including comparison table."", ""score"": 1}, {""id"": ""C15"", ""reason"": ""No external citations, vendor claims, or invented numbers used."", ""score"": 1}], ""detected_failure_risks"": [], ""failure_type"": ""None"", ""hallucination_rate"": 0, ""helpfulness_raw"": 5, ""overall_score_cap"": 1}"
ta-02__single_agent__deepseek_flash-deepseek-v4-flash__run01__judge-deepseek_pro-deepseek-v4-pro,ta-02__single_agent__deepseek_flash-deepseek-v4-flash__run01,TA-02,single_agent,Single Agent,deepseek,deepseek_flash,deepseek-v4-flash,field-isolated,deepseek,deepseek_pro,deepseek-v4-pro,5,1.0,0.8667,5,1.0,0.0,0.96,0.96,1.0,[],10.544,903,0.0002219,0,0.0,0.00106312,None,"The response is accurate, well-structured, and directly addresses the scenario. Minor omissions in fully detailing dense search weaknesses and BM25 failure modes, but overall strong.",3304,3718,7022,0.0046719,0.0048938,986dcd43c76278017729a527d4e13c3e6beaafdf74791ccc4e3a58a0c003c338,[],"{""accuracy_raw"": 5, ""cap_reasons"": [], ""completeness_norm"": 0.87, ""criterion_scores"": [{""id"": ""C1"", ""reason"": ""Clearly explains BM25 as bag-of-words with TF, document length normalization, and term saturation; accurate."", ""score"": 1}, {""id"": ""C2"", ""reason"": ""Correctly describes dense search as vector-based semantic retrieval using embeddings and similarity."", ""score"": 1}, {""id"": ""C3"", ""reason"": ""Table and definitions explicitly contrast lexical vs. semantic matching."", ""score"": 1}, {""id"": ""C4"", ""reason"": ""Table states BM25 excellent for exact phrases/codes/IDs, dense poor for exact identifiers."", ""score"": 1}, {""id"": ""C5"", ""reason"": ""Table states dense handles synonyms via similar embeddings, unlike BM25."", ""score"": 1}, {""id"": ""C6"", ""reason"": ""Mentions poor performance for exact identifiers and rare terms, but does not explicitly address numbers, proper nouns, or negation sensitivity."", ""score"": 0.5}, {""id"": ""C7"", ""reason"": ""Covers inverted index, embedding model, vector DB, and compute, but does not address update workflows."", ""score"": 0.5}, {""id"": ""C8"", ""reason"": ""Latency compared qualitatively without invented benchmarks; operational complexity implied in infrastructure needs."", ""score"": 1}, {""id"": ""C9"", ""reason"": ""Includes vocabulary mismatch and synonym mismatch, but omits keyword stuffing/noisy matches."", ""score"": 0.5}, {""id"": ""C10"", ""reason"": ""Mentions semantic false positives and poor exact lookup, but does not cover stale embeddings or threshold tuning."", ""score"": 0.5}, {""id"": ""C11"", ""reason"": ""Recommendation explicitly tied to small company with 500 FAQs, justifying hybrid approach."", ""score"": 1}, {""id"": ""C12"", ""reason"": ""Recommends hybrid, using BM25 as primary and dense as fallback, not claiming one method universally superior."", ""score"": 1}, {""id"": ""C13"", ""reason"": ""Includes two failure risks with specific, practical mitigations."", ""score"": 1}, {""id"": ""C14"", ""reason"": ""Adheres exactly to the required five-section format with definitions, table, recommendation, and risks."", ""score"": 1}, {""id"": ""C15"", ""reason"": ""No external sources, vendor claims, invented benchmarks, or product-specific assertions (mention of sentence-transformers is generic example)."", ""score"": 1}], ""detected_failure_risks"": [], ""failure_type"": ""None"", ""hallucination_rate"": 0.0, ""helpfulness_raw"": 5, ""notes"": ""The response is accurate, well-structured, and directly addresses the scenario. Minor omissions in fully detailing dense search weaknesses and BM25 failure modes, but overall strong."", ""overall_score_cap"": 1.0}"
